Base Type,Item Name,Rarity,List Count,Count
Cloth Belt,Ceinture of Benevolence,2,2267,399
Papyrus Relic,The Original Scripture,11,3,3
Ezomyte Tower Shield,The Anticipation,9,15,15
Dunes Map,Replica Pillars of Arun,9,10,10
Terror Maul,Kongor's Undying Rage,3,1723,400
Varnished Coat,Carcass Jack,4,757,406
Shadow Sceptre,The Dark Seer,11,3,3
Eternal Sword,Replica Dreamfeather,6,149,149
Carnal Mitts,Fenumus' Weave,10,7,7
Gold Amulet,Replica Winterheart,7,50,50
Bone Helmet,Ancient Skull,3,1032,399
Platinum Kris,Mark of the Doubting Knight,2,2490,399
Latticed Ringmail,Icetomb,2,3096,405
Eelskin Gloves,Great Old One's Tentacles,3,1715,399
Studded Belt,The Magnate,6,164,164
Conjurer Gloves,Voidbringer,2,2190,399
Coral Amulet,Tainted Pact,4,603,399
Vaal Aspect,Cooperation,7,50,50
Vaal Gauntlets,Atziri's Acuity,11,3,3
Waxed Garb,Seven Teachings,7,61,61
Blunt Arrow Quiver Piece,Third Piece of Directions,10,5,4
Ancient Greaves,Redblade Tramplers,4,551,399
Astral Plate,Blunderbore,4,609,408
Cloth Belt,Olesya's Delight,7,50,50
Sanctified Mana Flask,Lavianga's Spirit,3,1719,399
Quicksilver Flask,Rotgut,2,2124,399
Fluted Bascinet,Crest of Desire,9,17,17
Zealot Helmet,Kitava's Thirst,2,4026,399
Jagged Maul,Quecholli,2,2533,404
Timeless Jewel,Elegant Hubris,4,472,399
Prismatic Ring,Precursor's Emblem,12,1,1
Elegant Sword,Lakishu's Blade,2,2918,399
Harbinger Map,Infused Beachhead,12,1,1
Carnal Sceptre,Breath of the Council,3,1933,399
Iron Hat,Ezomyte Peak,1,5001,399
Military Staff,Tremor Rod,4,582,399
Siege Axe,Soul Taker,10,7,7
Rotfeather Talisman,Natural Hierarchy,2,2349,399
Leather Hood,Heatshiver,5,274,274
Gold Amulet,Perquil's Toe,2,2100,399
Lapis Amulet,Stone of Lazhwar,1,4370,399
Prismatic Jewel,Emperor's Mastery,10,7,7
Fishing Rod,Reefbane,9,13,13
Candlestick Relic,The Second Sacrament,10,8,8
Ambush Mitts,Abhorrent Interrogation,10,8,8
Callous Mask,Eye of Malice,2,2014,399
Archon Kite Shield Piece,Fourth Piece of Focus,10,6,6
Paua Amulet,Atziri's Foible,6,125,125
Murder Boots,Voidwalker,6,153,153
Slink Boots,Doryani's Delusion,11,2,2
Great Mallet,Chober Chaber,2,2282,403
Leather Belt,Cyclopean Coil,6,140,140
Leather Belt,Replica Headhunter,9,10,10
Callous Mask Piece,First Piece of Storms,10,4,4
Mirrored Spiked Shield,Leper's Alms,4,536,399
Gold Amulet,The Ignomon,2,3953,399
Royal Axe,Rigwald's Savagery,4,443,399
Legion Boots,March of the Legion,4,696,399
Leather Belt,Bear's Girdle,8,40,40
Majestic Plate,Utula's Hunger,5,271,271
Infernal Sword,Echoforge,9,12,12
Carnal Boots,Omeyocan,12,1,1
Nameless Ring,The Queller of Minds,6,99,99
Prismatic Ring,Thief's Torment,1,7749,399
Necromancer Circlet,Sandstorm Visage,10,6,6
Deerskin Boots,Deerstalker,1,4762,399
Jewelled Foil,Cospri's Malice,5,208,208
Onyx Amulet,Crystallised Omniscience,11,3,3
Atoll Map,Maelström of Chaos,6,173,173
Riveted Boots,Ralakesh's Impatience,7,58,58
Moonstone Ring,Timeclasp,2,3161,399
Sorcerer Boots,Doryani's Delusion,9,16,16
Goathide Boots,Abberath's Hooves,6,142,142
Ezomyte Burgonet,Howlcrack,4,797,399
Hellion's Paw,Bloodseeker,9,17,17
Opal Ring,Mark of the Shaper,7,42,42
Vile Arrow Quiver,Spinehail,7,44,44
Gnarled Branch,The Blood Thorn,2,2376,399
Lacquered Buckler,Replica Mistwall,8,39,39
Cloth Belt,Graven's Secret,7,46,46
Infernal Sword,Voidforge,11,3,3
Feathered Arrow Quiver,Asphyxia's Wrath,2,2958,399
Topaz Ring,Astral Projector,6,119,119
Synthesised Map,Cortex,7,62,62
Serpentscale Gauntlets,Haemophilia,4,817,399
Sapphire Ring,Uzaza's Valley,12,1,1
Prophet Crown,The Brine Crown,6,102,102
Sapphire Ring,Tasalio's Sign,2,3969,399
Eternal Burgonet,Usurper's Penance,4,430,399
Greater Mana Flask,Doedre's Elixir,2,2440,399
Lion Pelt,Obscurantis,4,798,399
Sadist Garb,Inpulsa's Broken Heart,7,57,58
Despot Axe,Kingmaker,8,19,19
Boot Blade,Widowmaker,2,2261,399
Ruby Ring,Circle of Anguish,4,571,399
Chain Belt,Bated Breath,1,4461,399
Serpentine Staff,Cane of Kulemak,7,59,59
Silver Flask,Cinderswallow Urn,7,80,80
Granite Flask,Replica Rumi's Concoction,7,51,51
Cedar Tower Shield,Trolltimber Spire,2,2492,399
Soldier Gloves,Southbound,2,3213,399
Viridian Jewel,Tempered Spirit,9,10,10
Varnished Coat,The Admiral,10,4,4
Champion Kite Shield,Aegis Aurora,8,39,39
Viridian Jewel,Self-Flagellation,5,339,339
Crimson Jewel,Fragility,5,289,289
Timeless Jewel,Brutal Restraint,5,234,234
Festival Mask,Replica Leer Cast,7,69,69
Runic Gages,Nightgrip,5,286,286
Cloth Belt,The Arkhon's Tools,4,539,399
Gladiator Plate,The Brass Dome,6,93,93
Sapphire Ring,Snakepit,5,420,399
Underground River Map,"Caer Blaidd, Wolfpack's Den",7,67,67
Embroidered Gloves,Vixen's Entrapment,4,878,399
Nightmare Bascinet,Devoto's Devotion,2,2185,399
Archon Kite Shield,Unyielding Flame,6,91,91
Sharktooth Arrow Quiver,Hyrri's Bite,1,5899,399
Clasped Mitts,Aukuna's Will,2,2706,399
Cobalt Jewel,Nadir Mode,10,5,5
Sovereign Spiked Shield,Qotra's Regulator,8,27,27
Gnarled Branch,Fencoil,2,2553,399
Synthesised Map,Altered Distant Memory,6,113,113
Overgrown Shrine Map,Acton's Nightmare,6,115,115
Gold Ring,Ventor's Gamble,1,5351,399
Soldier Boots,Replica Alberon's Warpath,8,32,32
Viridian Jewel,Combat Focus,9,9,9
Shagreen Boots,Temptation Step,9,16,16
Crimson Jewel,Tempered Flesh,8,23,23
Hallowed Hybrid Flask,The Writhing Jar,3,1861,399
Sharkskin Tunic,The Rat Cage,4,488,409
Close Helmet,The Baron,2,3711,399
Savant's Robe,Cloak of Tawm'r Isley,10,6,6
Archon Kite Shield Piece,Second Piece of Focus,10,4,4
Boot Knife,Ungil's Gauche,2,2720,399
Cloth Belt,Soul Tether,4,678,399
Topaz Ring,Putembo's Valley,9,9,9
Terror Claw,Rive,3,1501,399
Crusader Gloves,Shaper's Touch,7,83,83
Fugitive Boots,Inextricable Fate,3,1560,399
Lapis Amulet,Voice of the Storm,9,18,18
Ornate Ringmail,Lightbane Raiment,2,2219,407
Nightmare Mace,Nebuloch,7,48,48
Visored Sallet,The Trickster's Smile,8,29,29
Cobalt Jewel,Brute Force Solution,5,386,386
Steelscale Gauntlets,Aurseize,4,722,399
Blood Sceptre,Cerberus Limb,8,37,37
Sentinel Jacket,Dendrobate,2,2083,433
Runic Crown,Cadigan's Crown,10,4,4
Rustic Sash,The Retch,7,71,71
Clutching Talisman,Blightwell,2,2854,399
Small Cluster Jewel,The Interrogation,8,20,20
Amber Amulet,The Anvil,2,2813,399
Viridian Jewel,Pure Talent,7,56,56
Blood Raiment,Replica Eternity Shroud,8,41,41
Abyssal Axe,Starcaller,9,18,18
Slaughter Knife,Bino's Kitchen Knife,8,23,23
Shagreen Boots,Three-step Assault,2,2682,399
Elder Sword,Replica Innsbury Edge,8,34,34
Paua Ring,Fated End,8,21,21
Full Dragonscale,Daresso's Defiance,4,677,401
Crude Bow,Widowhail,3,1375,402
Harbinger Bow,Nuro's Harp,3,1414,402
Paua Ring,Doedre's Damning,1,4255,399
Elegant Ringmail,Replica Loreweave,7,42,42
Golden Buckler,Atziri's Reflection,11,3,3
Pinnacle Tower Shield,Magna Eclipsis,9,11,11
Hypnotic Eye Jewel,Kurgal's Gaze,8,20,20
Iron Flask,Olroth's Resolve,9,15,15
Corsair Sword,Ichimonji,3,1895,399
Sun Leather,Briskwrap,2,3633,408
Ursine Pelt,Rat's Nest,2,3236,399
Savant's Robe,Garb of the Ephemeral,10,8,8
Shackled Boots,Veruso's Ambition,2,3441,399
Coral Ring,Sibyl's Lament,1,5021,399
Mesh Gloves,The Hand of Phrecia,4,540,399
Sabre,The Princess,2,3998,399
Primal Arrow Quiver,The Poised Prism,3,1325,399
Ornate Sword,Queen's Decree,2,2703,401
Scholar's Robe,Cloak of Flame,4,465,426
Cloth Belt,Nevalius Inheritance,4,873,399
Onyx Amulet,Ashes of the Stars,11,3,3
Crimson Jewel,Primordial Might,10,7,7
Crimson Jewel,Inertia,4,582,399
Silk Slippers,Bones of Ullr,1,4359,399
Arcanist Slippers,Inya's Epiphany,4,480,399
Unset Ring,Profane Proxy,4,874,399
Eelskin Boots,Orbala's Stand,2,3400,399
Lacquered Garb,Victario's Influence,2,2149,410
Topaz Ring,Circle of Regret,4,515,399
Sulphur Flask,Bottled Faith,9,11,11
Heavy Belt,Siegebreaker,2,2965,399
Eternal Sword,Beltimber Blade,5,215,215
Granite Flask,Lion's Roar,5,302,302
Amber Amulet,Xoph's Blood,12,1,1
Spine Bow,Reach of the Council,4,490,401
Heavy Belt,Mageblood,10,7,7
Soldier Helmet,Honourhome,1,4392,399
Heavy Belt,Doryani's Invitation,7,56,56
Amethyst Ring,Death Rush,5,214,214
Plank Kite Shield,Springleaf,2,4154,399
Vaal Mask,Fractal Thoughts,4,673,399
Onyx Amulet,Aul's Uprising,12,1,1
Great Mallet,Trypanon,5,357,357
Heavy Belt,Kaom's Binding,5,198,198
Crusader Plate,The Iron Fortress,5,267,267
Stiletto,Replica Bloodplay,8,26,26
Silk Gloves,Asenath's Gentle Touch,5,291,291
Ring,Kalandra's Touch,8,30,30
Viridian Jewel,Pacifism,5,209,208
Iron Circlet,Wreath of Phrecia,2,2737,399
Sapphire Ring,Circle of Fear,4,493,399
Slink Boots,Farrul's Chase,8,31,31
Unset Ring,Vivinsect,6,118,118
Ambush Mitts,Stormseeker,2,2516,399
Runic Sollerets,Olroth's Charge,7,65,65
Golden Mask,Willclash,1,4347,399
Death Bow,Iron Commander,2,2035,404
Spidersilk Robe,Soul Mantle,2,3254,404
Lacquered Helmet,Black Sun Crest,2,4148,399
Painted Buckler,Kaltenhalt,2,3622,399
Copper Plate,Solaris Lorica,2,3172,419
Primordial Staff,The Burden of Shadows,11,2,2
Recurve Bow,Roth's Reach,2,3818,402
Vaal Sceptre,Doryani's Catalyst,9,12,12
Antique Gauntlets,Admiral's Arrogance,11,3,3
Paua Amulet,Replica Atziri's Foible,7,44,44
Onyx Amulet,Impresence,6,113,113
Diamond Ring,Gifts from Above,1,4421,399
Two-Stone Ring,Rigwald's Crest,3,1353,399
Goliath Greaves,The Tempest Rising,11,3,3
Coral Amulet,Ikiaho's Promise,2,2947,399
Tomahawk,Moonbender's Wing,2,2135,399
Laminated Kite Shield,Victario's Charity,2,3219,399
Small Cluster Jewel,Kitava's Teachings,7,71,71
Auric Mace,Callinellus Malleus,3,1367,399
Heavy Belt,Belt of the Deceiver,2,2906,399
Triumphant Lamellar,Cherrubim's Maleficence,3,1808,412
Great Mallet,Replica Trypanon,9,11,11
Rock Breaker,Clayshaper,2,2703,399
Vanguard Belt,Perseverance,2,2841,399
Two-Stone Ring,Berek's Respite,5,344,344
Turquoise Amulet,Ungil's Harmony,4,496,399
Iron Ring,Blackheart,1,6411,399
Leather Cap,Goldrim,1,4805,399
Censer Relic,The Hour of Divinity,6,119,119
Legion Sword Piece,First Piece of the Arcane,10,5,5
Onyx Amulet,Astramentis,6,111,111
Vaal Regalia,The Queen's Hunger,9,15,15
Wyrmscale Gauntlets,Wyrmsign,2,2792,399
Heavy Belt,Dyadian Dawn,4,460,399
Feathered Arrow Quiver,Saemus' Gift,2,3487,399
Sadist Garb,Tinkerskin,4,473,402
Cutlass,Severed in Sleep,9,14,14
Ranger Bow,Null's Inclination,5,346,346
Saint's Hauberk,Doryani's Prototype,7,65,65
Shadow Sceptre,Bitterdream,5,402,399
Midnight Blade,Razor of the Seventh Sun,5,227,227
Opal Sceptre,Balefire,2,2115,399
Deerskin Gloves,Maligaro's Virtuosity,4,448,399
Moonstone Ring,Shavronne's Revelation,6,164,164
Moonstone Ring,Heartbound Loop,2,2927,399
Iron Ring,Prospero's Protection,1,4243,399
Cobalt Jewel,Reckless Defence,5,356,356
Unset Ring,Rotblood Promise,6,107,107
Crusader Chainmail,Ambu's Charge,2,2052,403
Hydrascale Boots,Gamblesprint,9,10,10
Cobalt Jewel,Grand Spectrum,7,85,85
Samite Gloves,Replica Kalisa's Grace,7,42,42
Shagreen Gloves,Painseeker,3,1670,399
Prismatic Jewel,The Light of Meaning,8,32,32
Carnal Armour,Replica Shroud of the Lightless,9,16,16
Decimation Bow,Infractem,2,2087,404
Lapis Amulet,Doedre's Tongue,4,860,399
Censer Relic,The Blood of Innocence,6,146,146
Plate Vest,Bramblejack,2,2077,411
Steel Kite Shield,Mahuxotl's Machination,11,2,2
Spike-Point Arrow Quiver,Soul Strike,3,1357,399
Dusk Blade,Ephemeral Edge,5,227,227
Opal Wand,Replica Tulfall,8,19,19
Small Cluster Jewel,Natural Affinity,8,29,29
Ornate Quiver,Replica Maloney's Mechanism,8,25,25
Sulphur Flask,Replica Sorrow of the Divine,6,104,104
Maelström Staff,Replica Duskdawn,8,20,20
Corrugated Buckler,Great Old One's Ward,2,2021,399
Heavy Belt,Meginord's Girdle,2,2671,399
Legion Gloves,Offering to the Serpent,6,93,93
Prismatic Ring,Lori's Lantern,1,5043,399
Chain Gloves,Shackles of the Wretched,2,2452,399
Gladius,The Iron Mass,8,24,24
Mosaic Kite Shield,Rise of the Phoenix,3,1831,399
Long Bow,Storm Cloud,2,3791,411
Ghastly Eye Jewel,Amanamu's Gaze,8,21,21
Legion Boots,Gang's Momentum,2,2752,399
Golden Mask,The Three Dragons,1,4501,399
War Sword,The Tempestuous Steel,2,3585,399
Blunt Arrow Quiver,Rearguard,2,2231,399
Gold Flask,Wine of the Prophet,9,12,12
Steel Circlet,Sudden Dawn,6,172,172
Satin Gloves,Allelopathy,4,626,399
Onyx Amulet,Replica Dragonfang's Flight,3,1856,399
Crimson Jewel,Immutable Force,7,49,49
Ornate Mace,Frostbreath,3,1560,399
Ezomyte Staff,The Fulcrum,8,38,38
Crimson Jewel,Energised Armour,7,54,54
Vaal Mask,The Vertex,9,15,15
Tome Relic,The Power and the Promise,8,30,30
Cobalt Jewel,The Balance of Terror,6,91,91
Citrine Amulet,Retaliation Charm,2,3097,399
Viridian Jewel,Transcendent Spirit,12,1,1
Destiny Leather,Queen of the Forest,3,1191,402
Searching Eye Jewel,Ulaman's Gaze,9,13,13
Temple Map,Poorjoy's Asylum,6,109,109
Elder Sword,Innsbury Edge,2,2044,399
Ruby Ring,Warrior's Legacy,7,74,74
Goliath Gauntlets,Empire's Grasp,2,2529,399
Death Bow,Death's Harp,4,725,401
Amber Amulet,Xoph's Heart,9,13,13
Cloth Belt,Replica Soul Tether,7,64,64
Imperial Maul,Tidebreaker,6,136,136
Carnal Armour,Replica Restless Ward,6,117,117
Dream Mace,Flesh-Eater,2,2491,399
Throat Stabber,The Wasp Nest,2,2176,399
Baroque Round Shield,Daresso's Courage,5,401,399
Skinning Knife,Goredrill,2,3206,399
Heavy Belt,Mother's Embrace,4,637,399
Iron Ring,Venopuncture,2,2909,399
Enameled Buckler,Mutewind Pennant,4,436,399
Jade Amulet,Replica Hyrri's Truth,7,68,68
Iron Circlet,Asenath's Mark,5,205,205
Judgement Staff,Legacy of the Rose,7,71,71
Turquoise Amulet,Replica Badge of the Brotherhood,9,12,12
Jade Amulet,Rashkaldor's Patience,4,659,399
Agate Amulet,Shaper's Seed,2,3211,399
Stibnite Flask,Sin's Rebirth,7,70,70
Buckskin Tunic,Ashrend,2,3104,404
Great Helmet,Veil of the Night,2,2387,399
Assassin Bow,Chin Sol,2,2077,405
Two-Point Arrow Quiver,Rigwald's Quills,7,45,45
Engraved Wand,Replica Midnight Bargain,8,23,23
Sadist Garb,Doppelgänger Guise,10,8,8
Judgement Staff,The Grey Spire,5,372,372
Bismuth Flask,Oriath's End,11,2,2
Harlequin Mask,Farrul's Bite,9,17,17
Painted Tower Shield,Redblade Banner,4,583,399
War Sword,Replica Tempestuous Steel,8,41,41
Solaris Circlet,Cowl of the Ceraunophile,7,50,50
Sacrificial Garb,Atziri's Splendour,9,9,9
Stygian Vise,Darkness Enthroned,6,183,183
Omen Wand,Apep's Rage,5,421,399
Amethyst Ring,Blackflame,8,22,22
Chain Belt,Ascent From Flesh,2,2434,399
Viridian Jewel,Replica Pacifism,9,18,18
Pig-Faced Bascinet,The Devourer of Minds,12,1,1
Clasped Boots,Sundance,1,5006,399
Sorcerer Boots,Steppan Eard,4,513,399
Prophet Crown,Speaker's Wreath,3,1645,399
Crimson Jewel,Dissolution of the Flesh,7,73,73
Moon Temple Map,The Twilight Temple,7,42,42
Cobalt Jewel,Emperor's Wit,9,14,14
Reaver Helmet,Blood Price,4,432,399
Sentinel Jacket,Expedition's End,9,15,15
Void Sceptre,Replica Nebulis,8,40,40
Agate Amulet,Voll's Devotion,5,222,222
Karui Maul,Marohi Erqi,8,34,34
Crimson Jewel,Grand Spectrum,7,47,47
Viridian Jewel,Chill of Corruption,7,48,48
Unset Ring,Malachai's Artifice,2,3664,399
Glorious Plate,Perfidy,6,117,117
Steel Gauntlets,Meginord's Vise,4,647,399
Blazing Arrow Quiver,Blackgleam,2,2285,399
Elegant Round Shield,The Squire,9,11,11
Sanctified Mana Flask,Replica Lavianga's Spirit,7,56,56
Courtyard Map,The Vinktar Square,9,18,18
Solaris Circlet,Thundersight,6,185,185
Secutor Helm,Skullhead,2,2933,399
Small Cluster Jewel,Calamitous Visions,8,41,41
Goliath Greaves,Craiceann's Tracks,11,2,2
Turquoise Amulet,Victario's Acuity,1,5621,399
Studded Belt,Ryslatha's Coil,6,103,103
Solaris Circlet,Flamesight,6,195,195
Simple Robe,Skin of the Loyal,10,8,8
Citrine Amulet,The Felbog Fang,7,54,54
Karui Chopper,Kaom's Primacy,3,1454,416
Vaal Hatchet,"Jack, the Axe",4,734,399
Barbute Helmet,Thrillsteel,1,5282,399
Turquoise Amulet,Fury Valve,5,229,229
Vaal Sceptre,Doon Cuebiyari,5,290,290
Unset Ring,The Pariah,5,335,335
Regicide Mask,Gorgon's Gaze,4,477,399
Turquoise Amulet,Warped Timepiece,2,2499,399
Amethyst Flask,Progenesis,11,2,2
Steelwood Bow,The Crimson Storm,7,49,49
Runic Helm,Faithguard,7,72,72
Girded Tower Shield,Svalinn,10,8,8
Tyrant's Sekhem,Sign of the Sin Eater,2,2543,399
Sapphire Ring,Call of the Void,12,1,1
Sledgehammer,Hrimnor's Hymn,2,2648,402
Jade Amulet,Replica Karui Ward,6,91,91
Titan Gauntlets,Craiceann's Pincers,10,7,7
Vaal Claw,Essentia Sanguis,8,38,38
Topaz Ring,Storm Secret,2,2911,399
Zodiac Leather,The Snowblind Grace,7,63,63
Viridian Jewel,Primordial Eminence,10,7,7
Sage Wand,Twyzel,2,3017,399
Mind Cage,Hale Negator,11,2,2
Conquest Chainmail,Kingsguard,3,1889,406
Wyrmscale Doublet,Gruthkul's Pelt,7,66,66
Ironwood Buckler,Kiloava's Bluster,3,1791,399
Stealth Boots,Sin Trek,2,2481,399
Dread Maul,Voidhome,3,1253,401
Regicide Mask,Crown of the Pale King,3,1701,399
Gilded Sallet,Deidbell,4,538,399
Ezomyte Burgonet,Replica Abyssus,7,77,77
Vaal Axe,Uul-Netol's Kiss,9,9,9
Spine Bow,Voltaxic Rift,9,11,11
Spiraled Wand,Storm Prison,2,3630,399
Iron Flask,Vorana's Preparation,7,88,88
Rotted Round Shield,Wheel of the Stormsail,2,2722,399
Crimson Jewel,Efficient Training,4,657,399
Synthesised Map,Replica Cortex,9,10,10
Tome Relic,The Broken Censer,7,78,78
Synthesised Map,Augmented Distant Memory,6,132,132
Vaal Aspect,Curiosity,10,8,8
Graceful Sword,Nametaker,7,48,48
Compound Spiked Shield,Maligaro's Lens,2,2424,399
Hubris Circlet,Indigon,9,13,13
Royal Staff,The Stormheart,2,2601,403
Crimson Jewel,Might of the Meek,7,88,88
Imperial Staff,Agnerod West,3,1725,399
Ornate Quiver,Maloney's Mechanism,5,214,214
Zealot Gloves,Hand of the Fervent,8,29,29
Magistrate Crown,Craiceann's Chitin,11,3,3
Ezomyte Burgonet,Abyssus,4,643,399
Iron Flask,Elixir of the Unbroken Circle,9,9,9
Harbinger Map,The Beachhead,6,111,111
Void Axe,Kitava's Feast,6,121,121
Jade Amulet,The Halcyon,8,21,21
Archon Kite Shield Piece,First Piece of Focus,10,4,4
Karui Sceptre,Maata's Teaching,7,83,83
Vaal Gauntlets,Replica Atziri's Acuity,8,32,32
Murder Mitts,Thunderfist,7,45,45
Teak Round Shield,The Ghastly Theatre,3,1355,399
Ornate Mace,Replica Frostbreath,7,42,42
Trapper Boots,Brinerot Whalers,4,742,399
Vaal Claw,Replica Allure,7,44,44
Imperial Staff,Agnerod East,3,1532,401
Demon Dagger,Vulconus,5,270,270
Void Sceptre,Nebulis,10,4,4
Etched Greatsword,Edge of Madness,2,2487,406
Wool Shoes,Wanderlust,1,4909,399
Engraved Wand,Midnight Bargain,2,2437,399
Viridian Jewel,Impossible Escape,11,3,3
Blood Raiment,The Eternity Shroud,11,2,2
Archon Kite Shield,Invictus Solaris,5,366,366
Chain Belt,Coward's Chains,9,18,18
Viridian Jewel,Intuitive Leap,7,59,59
Elegant Ringmail,Geofri's Sanctuary,3,1579,401
Carnal Boots,Corpsewalker,6,151,151
Crimson Jewel,Inspired Learning,8,19,19
Turquoise Amulet,Badge of the Brotherhood,6,137,137
Golden Plate,Craiceann's Carapace,11,3,3
Saintly Chainmail,Chains of Command,4,506,399
Callous Mask Piece,Third Piece of Storms,11,3,3
Gemstone Sword,Story of the Vaal,9,17,17
Spidersilk Robe,Replica Covenant,8,29,29
Paua Ring,Soulbound,2,2878,399
Opal Ring,Stormfire,4,627,399
Cobalt Jewel,Forbidden Flesh,5,393,392
Mind Cage,Scold's Bridle,4,456,399
Assassin's Mitts,Entropic Devastation,11,3,3
Archon Kite Shield Piece,Third Piece of Focus,10,8,8
Crusader Gloves,Hands of the High Templar,8,24,24
Serpentscale Boots,Mutewind Whispersteps,4,710,399
Assassin's Boots,The Stampede,9,14,14
Bronzescale Gauntlets,Vaal Caress,4,810,399
Lapis Amulet,Tear of Purity,1,5885,399
Heavy Belt,Bisco's Leash,3,1053,399
Torturer Garb,Servant of Decay,5,359,359
Twilight Blade,Prismatic Eclipse,3,1834,399
Cobalt Jewel,Healthy Mind,8,27,27
Solaris Circlet,Galesight,6,113,113
Lich's Circlet,The Dark Monarch,6,194,194
Desert Brigandine,Lightning Coil,4,633,426
Sapphire Ring,Replica Tasalio's Sign,7,74,74
Archon Kite Shield,Prism Guardian,8,33,33
Topaz Ring,Kikazaru,1,6002,399
Hydrascale Gauntlets,Breathstealer,7,63,63
Crimson Jewel,Firesong,6,105,105
Quartz Flask,Forbidden Taste,3,1554,399
Rustic Sash,Replica Prismweave,6,141,141
Gold Ring,The Highwayman,2,3498,399
Leather Belt,Gluttony,2,2448,399
Quarterstaff,The Annihilating Light,10,8,8
Colossal Tower Shield,Dawnbreaker,2,2249,399
Heavy Belt,Survivor's Guilt,7,70,70
Harmonic Spirit Shield,Malachai's Loop,2,2927,399
Viridian Jewel,Grand Spectrum,7,61,61
Leather Belt,Headhunter,11,3,3
Crimson Jewel,Split Personality,8,24,24
Murder Mitts,Machina Mitts,6,169,169
Studded Round Shield,The Deep One's Hide,2,2853,399
Crusader Gloves,Repentance,4,562,399
Ezomyte Axe,Sinvicta's Mettle,2,2360,409
Crimson Jewel,Emperor's Might,10,7,7
Flaying Knife,Mightflay,2,2575,399
Chiming Spirit Shield,The Eternal Apple,2,2641,399
Moonstone Ring,Tawhanuku's Timing,2,3384,399
Cemetery Map,Hallowed Ground,6,117,117
Magistrate Crown,Mask of the Spirit Drinker,9,9,9
Royal Bow,Doomfletch,4,554,400
Cloth Belt,Sunblast,6,99,99
Infernal Axe,Dyadus,3,1204,399
Onyx Amulet,Stranglegasp,12,1,1
Grinning Fetish,Replica Earendel's Embrace,7,48,48
Ezomyte Spiked Shield,Perepiteia,7,73,73
Medium Cluster Jewel,Megalomaniac,8,37,37
Diamond Ring,Grattus Signet,1,5557,399
Ancient Gauntlets,Hateforge,11,2,2
Crimson Jewel,Rain of Splinters,10,8,8
Plated Greaves,Stormcharger,2,4164,399
Praetor Crown,Voll's Vision,4,427,399
Butcher Axe,Actum,8,32,32
Fiend Dagger,Arakaali's Fang,7,44,44
Carnal Mitts,Algor Mortis,3,1023,399
Astrolabe Amulet,Venarius' Astrolabe,5,276,276
Unset Ring,Essence Worm,2,2892,399
Lacquered Helmet,The Fledgling,7,73,73
Legion Sword Piece,Second Piece of the Arcane,10,6,6
Bone Circlet,Plume of Pursuit,7,53,53
Serrated Arrow Quiver,Craghead,2,3332,399
Fiend Dagger,The Consuming Dark,2,2888,399
Cobalt Jewel,Tempered Mind,8,33,33
Stibnite Flask,Witchfire Brew,5,380,380
Sinner Tricorne,Assailum,6,187,187
Widowsilk Robe,Fenumus' Shroud,10,4,4
Solaris Circlet,Wilma's Requital,4,650,399
Midnight Blade,Ahn's Might,3,1681,399
Diamond Flask,Coralito's Signature,2,2145,399
Bronze Sceptre,Axiom Perpetuum,1,4623,399
Paua Amulet,Sacrificial Heart,9,13,13
Wyrmscale Boots,Legacy of Fury,7,42,42
Satin Slippers,Scornflux,4,498,399
Maelström Staff,Duskdawn,12,1,1
Glorious Plate,Kaom's Heart,6,102,102
Mirrored Spiked Shield,Font of Thunder,8,23,23
Rawhide Boots,Seven-League Step,8,25,25
Samite Gloves,Kalisa's Grace,2,3637,399
Spiked Club,Gorebreaker,2,3082,399
Gavel,Cameria's Maul,3,1841,399
Tornado Wand,Shimmeron,7,65,65
Rusted Sword,Redbeak,2,3011,399
Bone Armour,Bloodbond,2,2527,404
Hubris Circlet,Ylfeban's Trickery,4,521,399
Shadow Sceptre,Replica Bitterdream,7,60,60
Great Crown,Geofri's Crest,2,3117,399
Onyx Amulet,Carnage Heart,2,3725,399
Full Wyrmscale,Belly of the Beast,4,769,403
Amethyst Flask,Atziri's Promise,7,61,61
Boot Knife,Replica Ungil's Gauche,8,19,19
Maple Round Shield,The Flawed Refuge,8,41,41
Citrine Amulet,Daresso's Salute,1,5303,399
Jade Amulet,The Pandemonius,12,1,1
Synthesised Map,Rewritten Distant Memory,6,128,128
Coral Amulet,The Primordial Chain,2,3824,399
Charan's Sword,Oni-Goroshi,10,8,8
Heavy Arrow Quiver,Scorpion's Call,3,1474,399
Arcanist Gloves,Grip of the Council,4,484,399
Silk Slippers,Replica Bones of Ullr,8,39,39
Short Bow,Quill Rain,1,6161,410
Cobalt Jewel,Fertile Mind,5,389,389
Mesh Gloves,Triad Grip,1,4975,399
Eternal Sword,Dreamfeather,4,490,399
Harbinger Bow,Slivertongue,4,470,404
Mesh Boots,Wake of Destruction,1,5855,399
Unset Ring,Squirming Terror,4,603,399
Lacquered Garb,Cloak of Defiance,5,222,222
Royal Burgonet,The Formless Flame,9,11,11
Colosseum Plate,Pragmatism,8,36,36
Titan Greaves,Replica Red Trail,8,24,24
Vaal Axe,Hezmana's Bloodlust,5,402,402
Aventail Helmet,Mindspiral,1,4565,399
Paua Ring,Praxis,1,5257,399
Festival Mask,Leer Cast,2,3283,399
Unset Ring,Replica Malachai's Artifice,8,25,25
Cobalt Jewel,Unending Hunger,7,60,60
Crimson Jewel,Atziri's Reign,6,101,101
Dragonscale Gauntlets,Surgebinders,3,1953,399
Sage's Robe,Dialla's Malefaction,8,37,37
Gnarled Branch,Replica Fencoil,9,18,18
Chain Belt,Chain of Endurance,2,3680,399
Cobalt Jewel,Primordial Harmony,8,23,23
Strand Map,Whakawairua Tuahu,6,142,142
Cardinal Round Shield,Vix Lunaris,5,259,259
Blunt Arrow Quiver Piece,Second Piece of Directions,10,8,8
Leather Hood,Replica Heatshiver,7,67,67
Two-Stone Ring,Berek's Grip,2,4191,399
Two-Point Arrow Quiver,Skirmish,2,2242,399
Driftwood Wand,Lifesprig,1,5871,399
Wild Leather,Foxshade,2,4159,413
Viridian Jewel,Hidden Potential,7,78,78
Jasper Chopper,The Harvest,2,2165,413
Titanium Spirit Shield,Bitterbind Point,10,7,7
Conjurer Boots,Rainbowstride,4,547,399
Ancient Greaves,Kahuturoa's Certainty,2,2486,399
Void Sceptre,Augyre,5,225,225
Sharkskin Boots,The Blood Dance,4,633,399
Vaal Buckler,Thousand Teeth Temu,3,1725,399
Fright Claw,Mortem Morsu,2,3425,399
Vaal Blade,Rebuke of the Vaal,4,576,399
Slink Gloves,Mercenary's Lot,6,177,177
Spidersilk Robe,The Covenant,7,51,51
Judgement Staff,Hegemony's Era,4,484,399
Sage Wand,Shade of Solaris,6,104,104
Royal Sceptre,The Black Cane,4,781,399
Wyrmscale Gauntlets,Tanu Ahi,2,2247,399
Sharktooth Arrow Quiver,Ahuana's Bite,2,2136,399
Highborn Staff,Witchhunter's Judgment,9,12,12
Imperial Staff Piece,First Piece of Brutality,11,3,3
Death Bow,Replica Iron Commander,7,60,60
Iron Gauntlets,Lochtonial Caress,1,6341,399
Midnight Blade,Rigwald's Command,4,546,399
Topaz Ring,Nimis,11,3,3
Ambusher,The Hidden Blade,8,38,38
Crystal Sceptre,The Supreme Truth,4,634,399
Cobalt Jewel,Rational Doctrine,12,1,1
Onyx Amulet,Hinekora's Sight,4,835,399
Citadel Bow,The Gluttonous Tide,4,695,400
Sage Wand,Replica Twyzel,7,44,44
Steel Ring,Mark of the Elder,6,104,104
Imperial Claw,Hand of Wisdom and Action,12,1,1
Sapphire Flask,Taste of Hate,6,171,171
Short Bow,Replica Quill Rain,7,54,54
Reaver Sword,The Dancing Dervish,3,1721,400
Rustic Sash,Faminebind,1,4213,399
Silver Flask,Kiara's Determination,2,2303,399
Leather Belt,Umbilicus Immortalis,4,650,399
Bone Helmet,Maw of Mischief,9,11,11
Soldier Boots,Alberon's Warpath,2,2959,399
Iron Ring,Le Heup of All,1,5940,399
Ezomyte Axe,Wings of Entropy,3,1894,403
Fingerless Silk Gloves,Black Zenith,5,373,373
Jade Amulet,Willowgift,3,1262,399
Primordial Fragment,Curio of Potential,11,2,2
Murder Boots,Replica Voidwalker,7,67,67
Ezomyte Dagger,Cold Iron Point,4,667,399
Basket Rapier,Aurumvorax,2,2988,399
Maelström Staff,Disintegrator,10,4,4
Soldier Gloves,Saqawal's Winds,11,2,2
Saint's Hauberk,The Ivory Tower,4,431,411
Riveted Gloves,Command of the Pit,12,1,1
Karui Sceptre,Death's Hand,3,1339,399
Leather Belt,Wurm's Molt,1,4852,399
Samnite Helmet,Hrimnor's Resolve,2,2965,399
Shagreen Boots,Replica Three-step Assault,8,40,40
Chain Belt,Maligaro's Restraint,2,2260,399
Prismatic Jewel,Watcher's Eye,4,464,399
Sapphire Ring,Dream Fragments,4,757,399
Raven Mask,The Gull,5,272,272
Timeless Jewel,Lethal Pride,5,268,268
Penetrating Arrow Quiver,Drillneck,2,2966,399
Strapped Mitts,Facebreaker,1,5274,399
Prismatic Jewel,Bound By Destiny,9,15,15
Viridian Jewel,Lioneye's Fall,7,75,75
Ezomyte Staff,Soulwrest,3,1536,401
Antique Greaves,Torchoak Step,2,4173,399
Ambusher,Goblinedge,3,1823,399
Paua Amulet,Sidhebreath,1,4966,399
Cloth Belt Piece,Second Piece of Time,9,11,11
Amethyst Ring,Circle of Nostalgia,4,542,399
Legion Sword,Hyaon's Fury,3,1520,399
Murderous Eye Jewel,Tecrod's Gaze,8,21,21
Satin Gloves,Demon Stitcher,2,3142,399
Ezomyte Staff,Cane of Unravelling,3,1616,401
Wereclaw Talisman,Rigwald's Curse,4,475,399
Assassin's Garb,Cospri's Will,4,524,400
Arcanist Slippers,Replica Inya's Epiphany,8,34,34
Prophecy Wand,Void Battery,8,31,31
Citrine Amulet,The Jinxed Juju,5,317,317
Diamond Ring,Romira's Banquet,2,2745,399
Plague Mask,Curtain Call,2,3331,399
Cobalt Jewel,To Dust,5,331,331
Cloth Belt,Arn's Anguish,8,35,35
Crimson Jewel,The Red Dream,10,6,6
Sanctified Life Flask,Blood of the Karui,3,1708,399
Simple Robe,Thousand Ribbons,3,958,405
Callous Mask Piece,Second Piece of Storms,11,3,3
Ruby Ring,Ngamahu's Sign,2,3315,399
Vaal Pyramid Map,Vaults of Atziri,8,22,22
Carnal Mitts,The Embalmer,2,4022,399
Laminated Kite Shield,Replica Victario's Charity,7,45,45
Infernal Sword,Replica Oro's Sacrifice,8,27,27
Ruby Ring,Ahkeli's Mountain,9,9,9
Iron Ring,The Warden's Brand,2,3967,399
Steel Circlet,Maw of Conquest,4,627,399
Crusader Boots,Death's Door,8,41,41
Imperial Claw,Touch of Anguish,3,1404,399
Bronzescale Gauntlets,Slitherpinch,1,4494,399
Black Maw Talisman,Night's Hold,2,2839,399
Elegant Sword,The Goddess Scorned,11,3,3
Granite Flask,Rumi's Concoction,5,265,265
Destroyer Regalia,The Coming Calamity,2,2042,402
Ambusher,Taproot,2,1954,399
Processional Relic,The Gilded Chalice,7,61,61
Engraved Wand,Eclipse Solaris,2,2615,399
Cloth Belt,The Druggery,2,2510,399
Legion Gloves,Null and Void,2,2282,399
Hubris Circlet,Eber's Unification,3,1881,399
Praetor Crown,Viridi's Veil,10,5,5
Reinforced Tower Shield,Titucius' Span,2,2649,399
Lapis Amulet,Marylene's Fallacy,4,871,399
Highland Blade,Rigwald's Charge,2,2228,405
Coiled Staff,Xirgil's Crank,2,2264,399
Unset Ring,Mutewind Seal,5,202,202
Vine Circlet,Crown of Thorns,2,3635,399
Assassin Bow,Darkscorn,6,180,180
Unset Ring,Brinerot Mark,5,268,268
Leather Belt,Pyroshock Clasp,2,2427,399
Topaz Flask,Vessel of Vinktar,11,2,2
Infernal Sword,Oro's Sacrifice,2,2033,401
Promenade Map,Hall of Grandmasters,6,102,102
Urn Relic,The Night Lamp,6,165,165
Pinnacle Tower Shield,Lioneye's Remorse,4,571,399
Dragonscale Boots,Darkray Vectors,2,2853,399
Nameless Ring,The Selfish Shepherd,6,116,116
Onyx Amulet,Yoke of Suffering,9,9,9
Slink Boots,Atziri's Step,8,26,26
Crystal Belt,Auxium,4,567,399
Lacquered Buckler,Mistwall,4,467,399
Vaal Aspect,Beauty,11,3,3
Assassin's Mitts,Snakebite,2,2005,399
Bastard Sword,Shiversting,2,2496,402
Headsman Axe,The Blood Reaper,2,2383,404
Glorious Plate,Replica Kaom's Heart,8,26,26
Abyssal Axe,Ngamahu's Flame,4,652,400
Cobalt Jewel,Fevered Mind,7,78,78
Viridian Jewel,The Golden Rule,5,275,275
Prophet Crown,The Broken Crown,3,1695,399
Sapphire Ring,Uzaza's Meadow,11,2,2
Cobalt Jewel,Replica Reckless Defence,5,271,271
Coffer Relic,The First Crest,6,174,174
Stibnite Flask,Replica Witchfire Brew,8,28,28
Zodiac Leather,Replica Hyrri's Ire,8,22,22
Crystal Sceptre,Nycta's Lantern,4,585,399
Steelhead,Jorrhast's Blacksteel,3,1888,402
Unset Ring,Mark of Submission,2,2478,399
Runic Gauntlets,Medved's Challenge,6,112,112
Vaal Sceptre,Yaomac's Accord,12,1,1
Gut Ripper,Ornament of the East,2,2151,399
Moonstone Ring,Anathema,7,85,85
Cobalt Jewel,Energy From Within,8,19,19
Dunes Map,Pillars of Arun,6,172,172
Bronzescale Boots,Lioneye's Paws,2,3013,399
Hydrascale Boots,Saqawal's Talons,9,10,10
Stealth Boots,Garukhan's Flight,8,32,32
Holy Chainmail,Voll's Protector,4,648,399
Exquisite Leather,Yriel's Fostering,4,804,804
Carnal Armour,Shroud of the Lightless,9,16,16
Assassin's Boots,Replica Stampede,8,22,22
Supreme Spiked Shield,Jaws of Agony,3,1321,399
Gavel,Cameria's Avarice,11,2,2
Great Helmet,Replica Veil of the Night,7,52,52
Onyx Amulet,The Eternal Struggle,3,1058,399
Necromancer Silks,Vis Mortis,3,1942,400
Wool Gloves,Sadima's Touch,2,3470,399
Onyx Amulet,Eye of Chayula,4,855,399
Praetor Crown,Memory Vault,5,231,231
Poleaxe,Wideswing,2,3359,403
Estoc,Daresso's Passion,2,2068,399
Vaal Rapier,Paradoxica,6,114,114
Cobalt Jewel,The Blue Dream,8,20,20
Saint's Hauberk,Sporeguard,9,11,11
Cobalt Jewel,Powerlessness,6,193,193
Bismuth Flask,The Wise Oak,4,705,399
Gemstone Sword,Fate of the Vaal,12,1,1
Jasper Chopper,Replica Harvest,8,33,33
Titan Gauntlets,Veruso's Battering Rams,3,1867,399
Tiger Sword,Terminus Est,2,3198,400
Viridian Jewel,Fluid Motion,6,169,169
Cutthroat's Garb,Bronn's Lithe,2,2668,411
Awl,Wildslash,2,3182,399
Ranger Bow,Hopeshredder,8,41,41
Sapphire Ring,Precursor's Emblem,12,1,1
Crimson Jewel,Replica Primordial Might,7,63,63
Brass Maul,Geofri's Baptism,2,2456,401
Two-Toned Boots,Beacon of Madness,5,204,204
Tarnished Spirit Shield,Matua Tupuna,2,3921,399
Tribal Circlet,Mark of the Red Covenant,2,4086,399
Necromancer Silks,Fleshcrafter,7,49,49
Necromancer Circlet,Chitus' Apex,4,628,399
Martyr Gloves,Hand of Heresy,6,122,122
Ironscale Gauntlets,Flesh and Spirit,2,3507,399
Triumphant Lamellar,Farrul's Fur,10,7,7
Crusader Plate,Lioneye's Vision,3,1790,412
Gold Amulet,The Untouched Soul,8,40,40
Titanium Spirit Shield,Rathpith Globe,7,53,53
Unset Ring,Replica Voideye,8,30,30
Meatgrinder,Brain Rattler,5,208,208
Lathi,The Searing Touch,4,510,399
Steel Ring,Betrayal's Sting,4,775,399
Royal Burgonet,Echoes of Creation,11,3,3
Agate Amulet,The Aylardex,2,3320,399
Murder Mitts,Malachai's Mark,10,4,4
Vaal Greaves,Dawnstrider,3,1319,399
Gavel,Mjölner,8,41,41
Iron Ring,Circle of Guilt,4,527,399
Great Crown,Lightpoacher,5,244,244
Viridian Jewel,The Green Dream,9,13,13
Two-Stone Ring,Berek's Pass,2,3631,399
Crimson Round Shield,Shattershard,8,28,28
Jade Hatchet,The Screaming Eagle,1,5642,399
Royal Skean,Heartbreaker,2,3630,399
Gold Ring,Andvarius,4,789,399
Vanguard Belt,Binds of Bloody Vengeance,6,107,107
Antique Rapier,Ewar's Mirage,2,2593,399
Saintly Chainmail,Incandescent Heart,5,374,374
Vile Staff,The Whispering Ice,5,371,371
Processional Relic,The Chains of Castigation,9,9,9
Greatwolf Talisman,Eyes of the Greatwolf,7,51,51
Carved Wand,Ashcaller,2,3434,399
Titan Gauntlets,Kaom's Spirit,3,943,399
Zodiac Leather,The Perfect Form,12,1,1
Broadhead Arrow Quiver,Steelworm,4,453,399
Museum Map,The Putrid Cloister,7,52,52
Imperial Staff,Agnerod North,3,1603,403
Lunaris Circlet,Doedre's Scorn,2,2945,399
Pagan Wand,Mystic Refractor,6,155,155
Seaglass Amulet,Whispers of Infinity,5,217,217
Unset Ring,Triumvirate Authority,7,79,79
Platinum Sceptre,Singularity,2,3204,399
Ruby Ring,Mokou's Embrace,1,4263,399
Ancient Spirit Shield,Kongming's Stratagem,3,1198,399
Nubuck Boots,Goldwyrm,2,4010,399
Gut Ripper,Replica Advancing Fortress,8,33,33
Chain Belt,Coward's Legacy,12,1,1
Nailed Fist,Last Resort,2,3442,399
Decimation Bow,Replica Infractem,8,27,27
Ambush Mitts,Architect's Hand,10,8,8
Vaal Rapier,Replica Paradoxica,6,118,118
Goat's Horn,Abberath's Horn,2,3972,399
Viridian Jewel,Unnatural Instinct,7,74,73
Ruby Ring,Replica Emberwake,7,43,43
Ebony Tower Shield,Replica Tukohama's Fortress,9,15,15
Blue Pearl Amulet,Gloomfang,6,168,168
Void Sceptre,Mon'tregul's Grasp,5,392,392
Lacquered Buckler,Azadi Crest,5,358,358
Iron Staff,Realmshaper,2,3254,403
Imperial Skean,White Wind,2,2807,399
Triumphant Lamellar,Replica Farrul's Fur,9,11,11
Devout Chainmail,The Fourth Vow,5,202,202
Vaal Axe,Atziri's Disfavour,11,3,3
Amethyst Ring,Ming's Heart,3,1020,399
Crimson Jewel,Replica Fragility,8,20,20
Zealot Gloves,Replica Volkuur's Guidance,7,45,45
Ruby Flask,Coruscating Elixir,8,36,36
Hydrascale Gauntlets,Farrul's Pounce,8,21,21
Crimson Jewel,The Adorned,12,1,1
Vaal Claw,Allure,2,2024,399
Agate Amulet,Extractor Mentis,1,5189,399
Cobalt Jewel,Fortress Covenant,8,19,19
Timeless Jewel,Militant Faith,4,428,399
Shadow Axe,Reaper's Pursuit,2,3242,411
Imperial Staff,Agnerod South,3,1644,404
Cursed Crypt Map,The Coward's Trial,7,44,44
Carnal Armour,The Restless Ward,3,1794,403
Pine Buckler,Crest of Perandus,2,2957,399
Widowsilk Robe,Doedre's Skin,6,157,157
Colossal Tower Shield,Ahn's Heritage,3,1238,399
Chain Belt,Chains of Emancipation,10,6,6
Strapped Boots,Nomic's Storm,1,5093,399
Small Cluster Jewel,The Siege,7,63,63
Imperial Bow,Lioneye's Glare,8,36,36
Sulphur Flask,The Overflowing Chalice,3,1886,399
Bronzescale Boots,Replica Lioneye's Paws,7,45,45
Elegant Round Shield,The Oppressor,3,1304,399
Ruby Flask,Dying Sun,9,10,10
Topaz Ring,Valako's Sign,2,3083,399
Ezomyte Dagger,Replica Cold Iron Point,7,50,50
Cloth Belt,Perandus Blazon,1,6953,399
Cobalt Jewel,Transcendent Mind,12,1,1
Marble Amulet,Bloodgrip,3,1218,399
Underground Sea Map,Oba's Cursed Trove,6,105,105
Imperial Staff Piece,Second Piece of Brutality,9,13,13
Prismatic Ring,The Taming,5,205,205
Stiletto,Bloodplay,2,2648,399
Cobalt Jewel,Witchbane,6,104,104
Coral Amulet,Araku Tiki,2,4064,399
Vaal Spirit Shield,Esh's Mirror,9,16,16
Blood Raiment,Saqawal's Nest,10,6,6
Necromancer Circlet,Fenumus' Toxins,10,7,7
Imperial Bow,Windripper,6,155,155
Chiming Spirit Shield,The Scales of Justice,5,246,246
Scholar Boots,Shavronne's Pace,2,3786,399
Wolf Pelt,Elevore,1,5245,399
Jagged Foil,Fidelitas' Spike,2,2282,399
Sulphur Flask,The Sorrow of the Divine,2,2094,399
War Buckler,Chalice of Horrors,2,2331,399
Ebony Tower Shield,Tukohama's Fortress,7,60,60
Titan Greaves,The Infinite Pursuit,8,39,39
Viridian Jewel,Ancestral Vision,7,55,55
Wrapped Mitts,Ondar's Clasp,1,4233,399
Cobalt Jewel,Replica Powerlessness,8,20,20
Leather Belt,Hyperboreus,6,116,116
Hubris Circlet,Crown of Eyes,4,576,399
Simple Robe,Tabula Rasa,4,653,399
Terror Claw,The Scourge,5,258,258
Gut Ripper,Advancing Fortress,2,2379,399
Crimson Jewel,Thread of Hope,9,14,14
Steel Kite Shield,Emperor's Vigilance,6,189,189
Temple Map,Replica Poorjoy's Asylum,9,9,9
Astral Plate,Death's Oath,3,961,401
Tricorne,Fairgraves' Tricorne,3,1350,399
Steelscale Gauntlets,Tombfist,5,220,220
Highborn Staff,Martyr of Innocence,6,114,114
Decorative Axe,Relentless Fury,2,3307,399
Cloth Belt,The Flow Untethered,11,2,2
Large Cluster Jewel,Voices,9,10,10
Jingling Spirit Shield,Light of Lunaris,7,78,78
Silken Hood,Saqawal's Flock,11,3,3
Paua Amulet,Defiance of Destiny,9,14,14
Exquisite Leather,Kintsugi,6,138,138
Cloth Belt,Soulthirst,4,760,399
Turquoise Amulet,Maligaro's Cruelty,2,3436,399
Coral Ring,Winterweave,4,897,399
Ancient Gauntlets,Winds of Change,4,712,399
Ruby Ring,Emberwake,4,857,399
Crimson Jewel,Transcendent Flesh,12,1,1
Spike-Point Arrow Quiver,Replica Soul Strike,8,35,35
Spiraled Wand,Reverberation Rod,5,401,399
Engraved Greatsword,Rakiata's Dance,9,17,17
Assassin Bow,Arborix,12,1,1
Vile Arrow Quiver,Maloney's Nightfall,3,1911,399
Reaver Sword,Hiltless,3,1460,401
Iron Mask,Malachai's Simula,2,2839,399
Nailed Fist,Replica Last Resort,8,41,41
Necromancer Circlet,The Devouring Diadem,8,25,25
Zodiac Leather,Replica Perfect Form,7,58,58
Murder Boots,Bubonic Trail,5,354,354
Vaal Spirit Shield,Apep's Slumber,9,13,13
Goathide Boots,Victario's Flight,2,3993,399
Lapis Amulet,The Ephemeral Bond,3,1156,399
Sinner Tricorne,Alpha's Howl,4,890,399
Sinner Tricorne,Replica Alpha's Howl,7,78,78
Gnarled Branch,Replica Blood Thorn,8,20,20
Primal Arrow Quiver,Voidfletcher,8,28,28
Titan Greaves,Doryani's Delusion,9,15,15
Ezomyte Tower Shield,The Surrender,12,1,1
Harlequin Mask,Mind of the Council,3,1022,399
Grinning Fetish,Earendel's Embrace,2,2951,399
Satin Gloves,Replica Allelopathy,6,93,93
Legion Sword Piece,Third Piece of the Arcane,9,11,11
Paua Ring,Perandus Signet,5,419,399
Small Cluster Jewel,One With Nothing,8,31,31
Two-Stone Ring,Call of the Brotherhood,3,1077,399
Coral Ring,Kaom's Sign,1,9023,399
Imperial Bow,Replica Windripper,9,14,14
Nubuck Gloves,Oskarm,2,3402,399
Coral Amulet,Tavukai,4,435,399
Amber Amulet,Bloodsoaked Medallion,2,3072,399
Cloth Belt,Bound Fate,4,719,399
Viridian Jewel,Careful Planning,6,182,182
Tarnished Spirit Shield,Brinerot Flag,5,407,399
Imperial Claw,Hand of Thought and Motion,6,94,94
Zodiac Leather,Hyrri's Ire,6,96,96
Mind Cage,Rime Gaze,4,427,399
Silken Hood,Cowl of the Cryophile,7,59,59
Imbued Wand,Moonsorrow,2,2382,399
Rustic Sash,Prismweave,2,4158,399
Grand Mana Flask,Zerphi's Last Breath,7,76,76
Praetor Crown,Ahn's Contempt,3,1489,399
Bone Crypt Map,Olmec's Sanctum,6,178,178
Cobalt Jewel,Dead Reckoning,6,113,113
Citadel Bow,Xoph's Nurture,12,1,1
Onyx Amulet,Solstice Vigil,7,78,78
Sapphire Ring,Uzaza's Mountain,12,1,1
Citrine Amulet,Eye of Innocence,3,968,399
Cloth Belt Piece,First Piece of Time,9,12,12
Judgement Staff,Pledge of Hands,9,11,11
Blunt Arrow Quiver Piece,First Piece of Directions,10,6,6
Eternal Sword,Grelwood Shank,5,263,263
Lion Sword,Doomsower,5,313,313
Zealot Helmet,Ravenous Passion,11,3,3
Great Crown,Forbidden Shako,8,19,19
Assassin's Mitts,Storm's Gift,4,458,399
Vaal Gauntlets,Doryani's Fist,6,164,164
Primordial Fragment,Curio of Consumption,12,1,1
Polished Spiked Shield,Zeel's Amplifier,2,3042,399
Whalebone Rapier,The Goddess Bound,2,2476,399
Ezomyte Burgonet,Cowl of the Thermophile,7,69,69
Quartz Flask,Soul Catcher,7,79,79
Unset Ring,Voideye,2,3476,399
Regicide Mask,Akoya's Gaze,6,110,110
Imbued Wand,Obliteration,2,3512,399
Amethyst Ring,Coiling Whisper,5,296,296
Golden Plate,Greed's Embrace,2,2174,414
Prophet Crown,Crown of the Inward Eye,8,26,26
Iron Ring,Icefang Orbit,2,2936,399
Necropolis Map,Death and Taxes,7,68,68
Cobalt Jewel,Combat Focus,10,6,6
Widowsilk Robe,Infernal Mantle,5,339,339
Jade Amulet,Hyrri's Truth,2,3654,399
Opal Ring,Polaric Devastation,6,119,119
Nameless Ring,The Hateful Accuser,6,103,103
Occultist's Vestment,Shavronne's Wrappings,6,180,180
Bronze Gauntlets,Giantsbane,2,3865,399
War Hammer,Brightbeak,2,3948,399
Timeworn Claw,Al Dhih,2,3314,399
Maze Map,Doryani's Machinarium,8,28,28
Leather Belt,Leash of Oblation,4,460,399
Viridian Jewel,Emperor's Cunning,9,17,17
Ebony Tower Shield,Chernobog's Pillar,2,2495,399
Ironscale Boots,Dusktoe,1,5541,399
Despot Axe,Debeon's Dirge,3,1856,411
Onyx Amulet,Replica Hinekora's Sight,7,61,61
Paua Ring,Replica Doedre's Damning,7,62,62
Crimson Jewel,Forbidden Flame,4,430,399
Cobalt Jewel,Apex Mode,10,5,5
Ezomyte Blade,Kondo's Pride,3,1850,400
Imbued Wand,Piscator's Vigil,3,1452,399
Crimson Jewel,Bloodnotch,8,30,30
Small Cluster Jewel,The Front Line,7,65,65
Woodsplitter,Limbsplit,1,4628,408
Goathide Gloves,Hrimsorrow,1,5010,399
Leather Belt,Immortal Flesh,1,4598,399
Vermillion Ring,Enmity's Embrace,6,99,99
Crystal Belt,The Burden of Truth,7,48,48
Viridian Jewel,Stormshroud,7,45,45
War Hammer,Lavianga's Wisdom,2,2717,399
Timeless Jewel,Glorious Vanity,5,375,375
Hellion's Paw,Law of the Wilds,9,14,14
Thresher Claw,Cybil's Paw,2,2645,399
Synthesised Map,Twisted Distant Memory,6,132,132
Sorcerer Boots,Skyforth,9,17,17
Assassin's Boots,Fenumus' Spinnerets,10,5,5
Velvet Slippers,Wondertrap,1,4230,399
Citadel Bow,Xoph's Inception,6,98,98
Maelström Staff,Taryn's Shiver,4,581,399
Reinforced Greaves,Windscream,3,1095,399
Brass Spirit Shield,Sentari's Answer,2,3177,399
Zealot Gloves,Volkuur's Guidance,4,591,591
Moonstone Ring,Valyrium,2,3452,399
Rustic Sash,Feastbind,1,4453,399
Viridian Jewel,Quickening Covenant,9,17,17
Royal Skean,Replica Heartbreaker,9,13,13
Iron Staff,Pillar of the Caged God,2,3069,402
Terror Maul,Replica Kongor's Undying Rage,9,9,9
Unset Ring,Redblade Band,6,166,166
Runic Sabatons,Vorana's March,7,56,56
Opal Wand,Tulborn,6,95,95
Gladius,Scaeva,3,1699,399
Heavy Belt,Replica Siegebreaker,7,45,45
Iron Flask,Starlight Chalice,10,8,8
Silken Hood,Starkonja's Head,2,2805,399
Crude Bow,Silverbranch,1,5416,403
Gold Amulet,Winterheart,2,3704,399
Carved Wand,The Poet's Pen,5,314,314
Jade Amulet,Karui Ward,1,6050,399
Archon Kite Shield,Broken Faith,6,95,95
Clasped Mitts,Shadows and Dust,2,4098,399
Unset Ring,The Hungry Loop,5,308,308
Titan Greaves,Kaom's Roots,4,571,399
Silken Vest,Ghostwrithe,1,6278,414
Viridian Jewel,Seething Fury,8,22,22
Hydrascale Gauntlets,Gravebind,7,47,47
Cobalt Jewel,Melding of the Flesh,6,178,178
Vaal Regalia,The Beast Fur Shawl,3,1553,404
Vaal Blade,Varunastra,8,23,23
Sage's Robe,Zahndethus' Cassock,2,2961,407
Arcanist Gloves,Replica Grip of the Council,7,46,46
Ezomyte Axe,Replica Wings of Entropy,7,43,43
Large Hybrid Flask,Divination Distillate,4,567,399
Iron Staff,Dying Breath,2,2237,400
Rawhide Tower Shield,Lycosidae,3,1255,399
Imperial Skean,Divinarius,8,20,20
Spiked Gloves,Ceaseless Feast,6,149,149
Serpentine Staff,Sire of Shards,2,1968,399
Cleaver,Dreadarc,1,4419,399
Sapphire Ring,Pyre,3,1139,399
Imperial Staff Piece,Third Piece of Brutality,9,10,10
Elegant Ringmail,Loreweave,11,3,3
Deicide Mask,Heretic's Veil,6,152,152
Velvet Gloves,Doedre's Tenure,1,5691,399
Primordial Staff,Femurs of the Saints,3,1734,399
Branded Kite Shield,Saffell's Frame,3,1239,399
Crusader Chainmail,Replica Ambu's Charge,6,94,94
Assassin's Mitts,Blasphemer's Grasp,6,167,167
Ritual Sceptre,Brutus' Lead Sprinkler,4,808,399
Shore Map,Mao Kun,6,146,146
Nightmare Bascinet,The Bringer of Rain,4,625,399
Crimson Jewel,Combat Focus,10,6,6
